Rank,TeamId,TeamName,LastSubmissionDate,Score,SubmissionCount,TeamMemberUserNames
1,16597035,SAU,"2026-08-20 11:57:20",0.67943,21,"sauhelinxu,xsfferry"
2,16583433,ZAOUI_Yassine,"2026-08-29 08:18:01",0.64851,27,zaouiyassine
3,16638330,seantangth,"2026-09-07 01:30:02",0.64659,30,seantangth
4,16847180,I.GNANESWARA,"2026-09-08 03:19:30",0.64617,4,ignaneswara
5,16811509,Randy,"2026-09-08 05:43:45",0.63974,6,rvndyerwin
6,16761992,没落者,"2026-09-04 09:50:31",0.63891,11,needless090
7,16700223,KeSiqi,"2026-08-20 08:31:55",0.63878,5,kesiqi
8,16806606,shallweiwei,"2026-09-08 06:14:08",0.63825,9,shallweiwei
9,16739459,tuko_tanzwoo,"2026-08-26 18:55:50",0.63798,12,tukotanzwoo
10,16635873,cyfffffff,"2026-09-04 06:24:59",0.63778,39,ccyfffff
11,16719901,wliu252,"2026-09-08 12:23:45",0.63770,9,wliu252
12,16688952,"John R Elliott ","2026-08-25 16:05:57",0.63560,3,johnrelliott
13,16598517,zenggao52,"2026-09-06 00:37:53",0.63267,33,zenggao52
14,16831263,zoea47,"2026-09-08 07:04:48",0.63249,9,zoea47
15,16774112,Samanu,"2026-09-08 14:06:58",0.63087,16,efandong
16,16799291,"Molly Kao","2026-09-07 01:48:23",0.62995,16,smallikao
17,16809137,geminibai,"2026-09-07 02:13:26",0.62737,10,geminibai
18,16793210,"Aaron Kanzer","2026-09-03 13:05:54",0.62546,4,scigantic
19,16730012,ERS,"2026-09-02 04:59:49",0.62476,7,shingo257
20,16600190,沼里太誠,"2026-09-01 13:29:03",0.62458,15,numaritaisei
21,16602510,XDang13,"2026-08-26 16:04:36",0.62285,30,xdang13
22,16802952,dw2026,"2026-09-08 09:13:48",0.62100,23,dw314829483
23,16604324,QMZJ,"2026-08-09 18:17:17",0.61443,39,riiluo
24,16832268,"Yuxin Qiu","2026-09-04 17:38:17",0.61296,2,yuxinq
25,16809719,wytyKen,"2026-09-06 15:27:34",0.61273,6,wytyken
26,16642824,lynx,"2026-09-03 07:46:34",0.60709,11,lynxguo
27,16756788,Ivarick,"2026-08-31 22:36:54",0.60652,10,ivarickdev
28,16779333,detx,"2026-09-04 10:11:05",0.60434,11,zepeifan
29,16827981,XUST-RS,"2026-09-08 02:22:51",0.60248,14,sherlockholmes666
30,16849205,yl100866,"2026-09-08 10:07:21",0.60238,6,yl100866
31,16843589,Yoshi,"2026-09-08 09:22:56",0.60232,2,yoshi0114
32,16794672,anhnam_xtanh,"2026-09-08 04:18:02",0.60225,10,anhnamxtanh
33,16827791,"sz FFsz","2026-09-08 17:02:05",0.60198,6,szffsz
34,16710319,"Anh-Vu Mai-Nguyen","2026-09-02 08:51:46",0.60094,31,mainguyenanhvu
35,16809942,"Meejun 2803","2026-09-07 15:11:20",0.60022,13,meejun2803
36,16802927,lacrymira,"2026-09-03 05:24:44",0.59868,4,kongbai112
37,16822265,aupu1199,"2026-09-06 14:29:18",0.59774,9,aupu1199
38,16631397,difx940201,"2026-08-06 08:30:44",0.59516,8,difx940201
39,16784744,QQQQ,"2026-09-02 03:06:41",0.59477,10,yangzhiru
40,16786072,"Manan Gupta","2026-08-30 12:24:26",0.59413,4,obirdy
41,16604567,"Zhou Shanmiao","2026-09-08 07:16:22",0.59192,14,"gaot66,liushineyu,ruoyanpei,tianwenhang,zhoushanmiao"
42,16574818,"Code by Nadiia","2026-09-05 16:32:21",0.58982,39,codebynadiia
43,16722530,"Firman Imam","2026-08-15 23:43:23",0.58978,2,"imamkhairilubis,piririp,reyzawidiapradipta"
44,16820363,"Anselmo Nankle","2026-09-06 08:27:29",0.58871,6,anselmonankle
45,16712208,"Irlando Idelfonzo","2026-08-13 01:51:42",0.58723,6,irlandoidelfonzo
46,16712235,"Aiting Zhang_1","2026-08-13 06:58:51",0.58683,5,aitingzhang1
47,16829744,"zhu mengqin","2026-09-08 15:42:44",0.58679,7,"hezhongsu,naukunyu,zhumengqin,zzzz41"
48,16605155,"peiy zhang","2026-08-13 01:55:43",0.58606,11,peiyzhang
49,16715256,zpy_1234,"2026-08-13 02:00:17",0.58595,3,zpy1234
50,16809703,muyouqian4,"2026-09-05 02:39:30",0.58417,8,muyouqian4
51,16712277,moxiaoi234,"2026-08-12 11:46:27",0.58305,1,moxiaoi234
52,16826269,Scarlet,"2026-09-08 14:08:35",0.58294,4,"chaitanyadhanai,shubhamkrdas1511"
53,16597610,duxingzhi,"2026-08-12 03:46:57",0.58243,3,duxingzhi
54,16645435,"[Deleted] 111cddcb-f9d3-4c50-8de1-4ae349a60ff6","2026-08-03 05:26:27",0.58112,2,del=061d02e363481ee1
55,16808136,waller0722,"2026-09-08 14:59:32",0.57998,6,"gailee,waller0722"
56,16797216,FF00E1,"2026-09-05 10:33:54",0.57875,8,ff00e1
57,16600352,Sonel-YXL,"2026-07-26 12:33:52",0.57848,2,sonelyxl
58,16611646,"wen xi","2026-08-21 13:27:37",0.57847,1,moriiwen
59,16831818,xmba15,"2026-09-06 18:51:59",0.57594,6,xmba15
60,16653183,ZeroEntropy,"2026-08-04 13:23:37",0.57583,1,tronghuy315
61,16736975,ajikajadeh,"2026-08-28 13:48:33",0.57546,3,ajikajadeh
62,16811057,NIklitaCheporev,"2026-09-04 09:03:34",0.57387,6,niklitacheporev
63,16645715,"Changye Li","2026-08-15 01:59:26",0.57146,11,antoinegg1
64,16800014,"Harsh Rajbhar","2026-09-03 15:43:41",0.57055,3,harshrajbhar
65,16760624,"Lichang Liang","2026-08-31 10:18:08",0.56942,4,lichangliang535
66,16802801,mxymmxym,"2026-09-02 10:05:32",0.56918,1,mxymmxym
67,16785213,yoursbae,"2026-08-28 16:54:14",0.56782,1,yoursbae
68,16750911,"Mohamed El-Nageeb","2026-08-29 20:55:03",0.56648,5,thelastsmilodon
69,16845493,changyebo,"2026-09-08 01:19:49",0.56624,3,changyebo
70,16582922,Nesryyyne,"2026-08-22 17:14:43",0.56568,2,nesryyyne
71,16848259,"LATI CLUB","2026-09-08 18:34:13",0.56202,2,"duyonnguynphng,nguyeba,thngltrnanh"
72,16596476,"Wang Jiang","2026-09-03 07:54:46",0.56133,3,wangjj86
73,16602086,ams_cxy,"2026-07-26 14:05:50",0.55901,1,amscxy
74,16817044,"Ng Juin Ron","2026-09-08 00:07:12",0.55837,7,ngjuinron
75,16822458,TrinhDung16,"2026-09-06 04:23:25",0.55794,4,trinhdung16
76,16820220,hana_c,"2026-09-07 13:05:01",0.55783,5,hanacreation
77,16842336,"Aadit Agrawal","2026-09-08 07:26:31",0.55408,2,aaditagrawal
78,16839537,"Dylan Moraes","2026-09-06 13:26:12",0.55385,4,dylanmoraes
79,16809786,Neh,"2026-09-06 08:35:14",0.55146,11,nehpadvi
80,16817753,"Filip Strzałka","2026-09-03 14:01:04",0.55134,3,snufkin77
81,16596714,"Pixel Hunter","2026-07-30 22:11:14",0.55050,15,mxjinn
82,16839701,AxxxA123,"2026-09-05 11:34:29",0.54928,1,axxxa123
83,16844751,SwastikR,"2026-09-08 11:41:50",0.54906,5,swastikr1001
84,16772092,renji_starfall,"2026-08-31 19:58:07",0.54679,5,degnonguidi
85,16848592,"Mazka Buana Hidayat","2026-09-08 21:49:15",0.54654,3,rentaroe
86,16839813,Pal1008Gandhi,"2026-09-08 06:14:02",0.54552,2,pal1008gandhi
87,16681904,Pones_kaggle,"2026-08-15 01:50:16",0.54523,15,pyd966
88,16605899,yanis_lou,"2026-07-31 20:23:10",0.54213,5,yanislou
89,16602179,"Yiwei Pu","2026-08-01 10:07:30",0.54128,16,yiweipu
90,16807415,XHMUVW,"2026-09-03 04:02:41",0.53763,2,xhmuvw
91,16823617,"Alun Rees","2026-09-06 20:28:36",0.53570,1,reesa14
92,16763130,sowhatwillwelearn,"2026-09-01 20:06:53",0.53422,3,sowhatwillwelearn
93,16771549,MonsieurBadgerCheese,"2026-08-25 17:14:51",0.53073,1,monsieurbadgercheese
94,16762070,"meng ning sau","2026-09-04 09:11:24",0.53022,10,mengningsau
95,16712644,"Inkithai Meiyalagan","2026-08-16 11:19:26",0.52793,7,inkithai
96,16825476,"Jackson Dyne","2026-09-05 10:23:22",0.52772,2,jacksondyne
97,16809477,"Santiago Maniches","2026-09-08 05:00:24",0.52620,15,santmani
98,16747940,"LAVIA Team - Tebessa Univ","2026-09-04 16:56:35",0.52281,3,yaakoubboualleg
99,16740066,"Norman Neira","2026-08-20 03:14:42",0.52263,2,normanneira
100,16803237,zengxl111,"2026-09-05 03:59:13",0.51760,10,zengxl111
101,16803086,"Raviksh Singh Dikola","2026-09-02 09:37:08",0.51686,2,ravikshdikola
102,16745767,alatroni,"2026-08-20 10:45:19",0.51437,1,alatroni
103,16606576,"maajid Jan","2026-09-05 06:37:36",0.51335,2,maajidjan
104,16600356,Oas1sLuo,"2026-08-16 07:06:32",0.51323,1,oas1sluo
105,16825379,"Nithin Selvaraj","2026-09-07 03:29:51",0.51115,12,nithinselvaraj
106,16768649,"zhirui zhang","2026-08-25 08:04:40",0.50962,2,zhiruizhang
107,16602387,"Berkutay Asan","2026-08-02 16:27:41",0.50953,16,berkutayasan
108,16795584,"David Abert","2026-09-03 07:12:45",0.50944,5,davitens
109,16639688,kubohiroya,"2026-08-03 02:49:33",0.50913,1,kubohiroya
110,16743994,"Sardor Razikov","2026-09-02 18:13:30",0.50150,17,sardorrazikov
111,16667930,"Hossein Simchi","2026-08-18 10:15:51",0.50134,1,hosseinsimchidev
112,16757027,"Adithya Krishna","2026-08-23 18:14:26",0.49528,3,adithyakrishna2025
113,16841090,"Nguyen Nhat Trung","2026-09-06 08:44:21",0.49473,1,nguyennhattrung
114,16601917,"modelian HY","2026-08-14 08:00:57",0.49205,1,modelianhy
115,16806095,"XJTU_Institute of Space optics","2026-09-06 06:08:55",0.48335,3,"lixuanshuo,tangyibo1,xilizhao,xumingyang51,yingyueshuanghuai"
116,16617524,mengzhuazi,"2026-08-27 02:43:46",0.48221,14,mengzhuazi
117,16803099,"jiahui f","2026-09-07 10:48:13",0.47436,7,jiahuif
118,16819355,RayHuang,"2026-09-06 01:48:53",0.47274,6,rayhuang0124
119,16763419,Rohit,"2026-08-29 15:57:24",0.46734,10,sunnyy06
120,16726536,"Александр Д","2026-09-03 22:15:36",0.46302,3,octavp
121,16803625,"Hari Krishna R_2","2026-09-05 19:14:30",0.45146,2,harikrishnar2
122,16601812,cwxcwxcwxcwx,"2026-07-28 20:21:35",0.44137,1,cwxcwxcwxcwx
123,16780413,"Debditya Mallick","2026-09-08 08:54:10",0.43852,3,debdityamallick
124,16604175,Lengxuetong,"2026-08-26 09:35:46",0.41801,1,lengxuetong
125,16791398,"CABTAIN AMAMR","2026-08-29 22:50:40",0.41668,1,cabtainamamr
126,16612676,tiger,"2026-09-04 01:14:22",0.39246,6,maxiaohu
127,16611619,Mohit,"2026-09-08 14:53:52",0.37363,35,mohit98765
128,16848932,Adonis122,"2026-09-08 18:26:53",0.35788,2,adonis122
129,16783685,"zaoui Hamza","2026-08-28 14:10:55",0.30008,1,zaouihamza
130,16743132,"Ahmet Kiraz","2026-08-20 06:00:16",0.24986,1,ahmetqiraz
131,16798742,"Ethan Beirne","2026-09-01 06:40:23",0.24174,1,ethanbeirne
132,16709077,"Tae-hyung kim94","2026-08-12 10:19:20",0.21721,1,taehyungkim94
133,16766665,"Swarnim Pal","2026-09-04 19:55:16",0.12483,2,swarnimpal
134,16810354,"Ali Ibtisam","2026-09-04 16:04:18",0.03286,1,aliibtisam
135,16624266,"Nguyen Vu Minh","2026-08-01 07:06:01",0.00969,1,nguyenvuminh
136,16578060,"Nguyễn Đức Danh","2026-09-02 15:43:09",0.00307,3,cdanht2
137,16611055,WEN,"2026-08-05 14:49:31",0.00291,2,yablonskimeckler
138,16775417,maozccc,"2026-09-02 14:30:57",0.00000,3,maozccc
139,16754875,"Mathurin Ache","2026-08-24 08:32:27",0.00000,1,mathurinache
140,16783690,"lachlan mayes","2026-08-28 22:50:57",0.00000,1,lachlanmayes
141,16789573,"Matt Dwyer","2026-09-05 07:09:56",0.00000,2,user182827
142,16808549,"sai teja","2026-09-03 11:55:07",0.00000,3,saiteja18o
143,16841286,"Luis Garza Gonzalez","2026-09-08 00:53:38",0.00000,6,luisgarzagonzalez
